,YYYY,State,COUNTY,FIPS_State,FIPS_County,FIPS_Combined,SubstanceName,DrugReports,TotalDrugReportsCounty,TotalDrugReportsState
896,2012,PA,ADAMS,42,1,42001,Methadone,1,269,78577
897,2012,PA,ALLEGHENY,42,3,42003,Hydromorphone,5,8196,78577
910,2012,PA,ADAMS,42,1,42001,Codeine,1,269,78577
911,2012,PA,ALLEGHENY,42,3,42003,Morphine,29,8196,78577
927,2012,PA,ALLEGHENY,42,3,42003,Oxycodone,278,8196,78577
928,2012,PA,ALLEGHENY,42,3,42003,Oxymorphone,30,8196,78577
929,2012,PA,ARMSTRONG,42,5,42005,Oxycodone,5,290,78577
930,2012,PA,BEAVER,42,7,42007,Fentanyl,1,631,78577
931,2012,PA,BEAVER,42,7,42007,Heroin,86,631,78577
932,2012,PA,BEAVER,42,7,42007,Methadone,1,631,78577
933,2012,PA,BERKS,42,11,42011,Oxycodone,43,2463,78577
934,2012,PA,BLAIR,42,13,42013,Heroin,137,574,78577
935,2012,PA,BLAIR,42,13,42013,Methadone,3,574,78577
951,2012,PA,ALLEGHENY,42,3,42003,Remifentanil,1,8196,78577
952,2012,PA,BEAVER,42,7,42007,Buprenorphine,4,631,78577
953,2012,PA,BEAVER,42,7,42007,Morphine,4,631,78577
954,2012,PA,BERKS,42,11,42011,Heroin,357,2463,78577
955,2012,PA,BERKS,42,11,42011,Propoxyphene,1,2463,78577
956,2012,PA,BLAIR,42,13,42013,Buprenorphine,16,574,78577
957,2012,PA,BRADFORD,42,15,42015,Codeine,2,339,78577
958,2012,PA,BRADFORD,42,15,42015,Heroin,27,339,78577
990,2012,PA,ADAMS,42,1,42001,Hydrocodone,5,269,78577
991,2012,PA,ALLEGHENY,42,3,42003,Fentanyl,4,8196,78577
992,2012,PA,ALLEGHENY,42,3,42003,Heroin,2739,8196,78577
1023,2012,PA,ADAMS,42,1,42001,Oxycodone,19,269,78577
1042,2012,PA,ADAMS,42,1,42001,Heroin,12,269,78577
1043,2012,PA,ALLEGHENY,42,3,42003,Buprenorphine,218,8196,78577
1044,2012,PA,ARMSTRONG,42,5,42005,Morphine,4,290,78577
1045,2012,PA,BEDFORD,42,9,42009,Oxycodone,11,205,78577
1046,2012,PA,BERKS,42,11,42011,Codeine,2,2463,78577
1047,2012,PA,BERKS,42,11,42011,Morphine,1,2463,78577
1048,2012,PA,BLAIR,42,13,42013,Morphine,6,574,78577
1049,2012,PA,BUCKS,42,17,42017,Codeine,7,4915,78577
1050,2012,PA,BUCKS,42,17,42017,Hydromorphone,7,4915,78577
1051,2012,PA,BUCKS,42,17,42017,Morphine,16,4915,78577
1052,2012,PA,CAMBRIA,42,21,42021,Oxycodone,45,572,78577
1053,2012,PA,CAMBRIA,42,21,42021,Oxymorphone,6,572,78577
1054,2012,PA,CARBON,42,25,42025,Heroin,34,277,78577
1055,2012,PA,CHESTER,42,29,42029,Oxycodone,133,1499,78577
1056,2012,PA,CLEARFIELD,42,33,42033,Fentanyl,1,140,78577
1057,2012,PA,CLEARFIELD,42,33,42033,Oxycodone,3,140,78577
1058,2012,PA,CRAWFORD,42,39,42039,Fentanyl,2,368,78577
1059,2012,PA,CRAWFORD,42,39,42039,Heroin,7,368,78577
1060,2012,PA,DAUPHIN,42,43,42043,Fentanyl,1,2039,78577
1061,2012,PA,DAUPHIN,42,43,42043,Propoxyphene,1,2039,78577
1062,2012,PA,DELAWARE,42,45,42045,Buprenorphine,87,4576,78577
1063,2012,PA,DELAWARE,42,45,42045,Hydrocodone,32,4576,78577
1064,2012,PA,DELAWARE,42,45,42045,Tramadol,3,4576,78577
1065,2012,PA,ERIE,42,49,42049,Codeine,3,1463,78577
1066,2012,PA,ERIE,42,49,42049,Morphine,8,1463,78577
1067,2012,PA,FAYETTE,42,51,42051,Hydrocodone,39,901,78577
1068,2012,PA,FAYETTE,42,51,42051,Tramadol,3,901,78577
1069,2012,PA,FRANKLIN,42,55,42055,Heroin,46,565,78577
1070,2012,PA,BEDFORD,42,9,42009,Buprenorphine,7,205,78577
1071,2012,PA,BRADFORD,42,15,42015,Fentanyl,1,339,78577
1072,2012,PA,BRADFORD,42,15,42015,Morphine,3,339,78577
1073,2012,PA,BUCKS,42,17,42017,Methadone,27,4915,78577
1074,2012,PA,BUTLER,42,19,42019,Hydromorphone,1,349,78577
1075,2012,PA,CAMERON,42,23,42023,Buprenorphine,6,24,78577
1076,2012,PA,CENTRE,42,27,42027,Buprenorphine,3,479,78577
1077,2012,PA,CHESTER,42,29,42029,Methorphan,1,1499,78577
1078,2012,PA,CLARION,42,31,42031,Heroin,14,174,78577
1079,2012,PA,COLUMBIA,42,37,42037,Heroin,60,408,78577
1080,2012,PA,DAUPHIN,42,43,42043,Morphine,5,2039,78577
1081,2012,PA,ERIE,42,49,42049,Methadone,6,1463,78577
1082,2012,PA,FAYETTE,42,51,42051,Heroin,177,901,78577
1083,2012,PA,FAYETTE,42,51,42051,Methadone,4,901,78577
1084,2012,PA,FRANKLIN,42,55,42055,Hydrocodone,8,565,78577
1085,2012,PA,BRADFORD,42,15,42015,Hydrocodone,15,339,78577
1086,2012,PA,BRADFORD,42,15,42015,Tramadol,1,339,78577
1087,2012,PA,BUCKS,42,17,42017,Fentanyl,1,4915,78577
1088,2012,PA,BUCKS,42,17,42017,Heroin,674,4915,78577
1089,2012,PA,BUCKS,42,17,42017,Propoxyphene,2,4915,78577
1090,2012,PA,BUTLER,42,19,42019,Buprenorphine,3,349,78577
1091,2012,PA,BUTLER,42,19,42019,Morphine,2,349,78577
1092,2012,PA,CAMBRIA,42,21,42021,Hydrocodone,9,572,78577
1093,2012,PA,CARBON,42,25,42025,Hydromorphone,1,277,78577
1094,2012,PA,CENTRE,42,27,42027,Oxycodone,5,479,78577
1095,2012,PA,CHESTER,42,29,42029,Buprenorphine,14,1499,78577
1096,2012,PA,CHESTER,42,29,42029,Codeine,2,1499,78577
1097,2012,PA,CHESTER,42,29,42029,Hydrocodone,16,1499,78577
1098,2012,PA,CLARION,42,31,42031,Buprenorphine,8,174,78577
1099,2012,PA,CLARION,42,31,42031,Hydrocodone,4,174,78577
1100,2012,PA,CLARION,42,31,42031,Morphine,3,174,78577
1101,2012,PA,CLEARFIELD,42,33,42033,Methadone,3,140,78577
1102,2012,PA,COLUMBIA,42,37,42037,Buprenorphine,2,408,78577
1103,2012,PA,COLUMBIA,42,37,42037,Hydrocodone,1,408,78577
1104,2012,PA,COLUMBIA,42,37,42037,Morphine,2,408,78577
1105,2012,PA,CRAWFORD,42,39,42039,Morphine,19,368,78577
1106,2012,PA,CUMBERLAND,42,41,42041,Oxycodone,6,291,78577
1107,2012,PA,CUMBERLAND,42,41,42041,Oxymorphone,1,291,78577
1108,2012,PA,DELAWARE,42,45,42045,Methadone,19,4576,78577
1109,2012,PA,DELAWARE,42,45,42045,Methorphan,1,4576,78577
1110,2012,PA,ERIE,42,49,42049,Oxycodone,20,1463,78577
1111,2012,PA,ERIE,42,49,42049,Oxymorphone,2,1463,78577
1112,2012,PA,FAYETTE,42,51,42051,Hydromorphone,1,901,78577
1113,2012,PA,FULTON,42,57,42057,Oxycodone,2,34,78577
1114,2012,PA,BUCKS,42,17,42017,Buprenorphine,85,4915,78577
1115,2012,PA,CAMBRIA,42,21,42021,Codeine,1,572,78577
1116,2012,PA,CHESTER,42,29,42029,Heroin,155,1499,78577
1117,2012,PA,CHESTER,42,29,42029,Propoxyphene,1,1499,78577
1118,2012,PA,CLEARFIELD,42,33,42033,Buprenorphine,6,140,78577
1119,2012,PA,CLEARFIELD,42,33,42033,Tramadol,1,140,78577
1120,2012,PA,COLUMBIA,42,37,42037,Methadone,2,408,78577
1121,2012,PA,CRAWFORD,42,39,42039,Hydrocodone,8,368,78577
1122,2012,PA,CRAWFORD,42,39,42039,Methadone,8,368,78577
1123,2012,PA,DAUPHIN,42,43,42043,Codeine,2,2039,78577
1124,2012,PA,DELAWARE,42,45,42045,Oxycodone,372,4576,78577
1125,2012,PA,DELAWARE,42,45,42045,Oxymorphone,2,4576,78577
1126,2012,PA,ELK,42,47,42047,Oxycodone,5,109,78577
1133,2012,PA,ADAMS,42,1,42001,Buprenorphine,2,269,78577
1134,2012,PA,ADAMS,42,1,42001,Morphine,1,269,78577
1135,2012,PA,ALLEGHENY,42,3,42003,Codeine,10,8196,78577
1136,2012,PA,ALLEGHENY,42,3,42003,Hydrocodone,187,8196,78577
1137,2012,PA,ALLEGHENY,42,3,42003,Tramadol,10,8196,78577
1138,2012,PA,BEDFORD,42,9,42009,Hydrocodone,6,205,78577
1139,2012,PA,BERKS,42,11,42011,Oxymorphone,3,2463,78577
1140,2012,PA,BLAIR,42,13,42013,Propoxyphene,1,574,78577
1141,2012,PA,BUTLER,42,19,42019,Oxycodone,6,349,78577
1142,2012,PA,CARBON,42,25,42025,Hydrocodone,2,277,78577
1143,2012,PA,CARBON,42,25,42025,Methadone,2,277,78577
1144,2012,PA,CENTRE,42,27,42027,Hydrocodone,4,479,78577
1145,2012,PA,CHESTER,42,29,42029,Morphine,5,1499,78577
1146,2012,PA,CLINTON,42,35,42035,Buprenorphine,3,140,78577
1147,2012,PA,CUMBERLAND,42,41,42041,Hydrocodone,4,291,78577
1148,2012,PA,CUMBERLAND,42,41,42041,Tramadol,1,291,78577
1149,2012,PA,ALLEGHENY,42,3,42003,Methadone,19,8196,78577
1150,2012,PA,ARMSTRONG,42,5,42005,Heroin,65,290,78577
1151,2012,PA,BEAVER,42,7,42007,Oxycodone,19,631,78577
1152,2012,PA,BEAVER,42,7,42007,Oxymorphone,1,631,78577
1153,2012,PA,BERKS,42,11,42011,Methadone,2,2463,78577
1154,2012,PA,BERKS,42,11,42011,Tramadol,3,2463,78577
1155,2012,PA,BLAIR,42,13,42013,Oxycodone,39,574,78577
1156,2012,PA,BLAIR,42,13,42013,Oxymorphone,2,574,78577
1157,2012,PA,BRADFORD,42,15,42015,Oxycodone,42,339,78577
1158,2012,PA,BRADFORD,42,15,42015,Oxymorphone,1,339,78577
1159,2012,PA,BRADFORD,42,15,42015,Propoxyphene,2,339,78577
1160,2012,PA,BUCKS,42,17,42017,Oxycodone,353,4915,78577
1161,2012,PA,BUCKS,42,17,42017,Oxymorphone,4,4915,78577
1162,2012,PA,BUTLER,42,19,42019,Hydrocodone,2,349,78577
1163,2012,PA,CAMBRIA,42,21,42021,Buprenorphine,9,572,78577
1164,2012,PA,CAMBRIA,42,21,42021,Morphine,8,572,78577
1165,2012,PA,CARBON,42,25,42025,Morphine,6,277,78577
1166,2012,PA,CENTRE,42,27,42027,Heroin,56,479,78577
1167,2012,PA,CENTRE,42,27,42027,Tramadol,1,479,78577
1168,2012,PA,CLINTON,42,35,42035,Fentanyl,3,140,78577
1169,2012,PA,CLINTON,42,35,42035,Hydrocodone,1,140,78577
1170,2012,PA,CRAWFORD,42,39,42039,Hydromorphone,3,368,78577
1171,2012,PA,CUMBERLAND,42,41,42041,Heroin,19,291,78577
1172,2012,PA,ERIE,42,49,42049,Fentanyl,2,1463,78577
1173,2012,PA,ERIE,42,49,42049,Heroin,159,1463,78577
1174,2012,PA,LACKAWANNA,42,69,42069,Oxycodone,18,864,78577
1175,2012,PA,LANCASTER,42,71,42071,Hydromorphone,3,1693,78577
1176,2012,PA,LAWRENCE,42,73,42073,Buprenorphine,2,296,78577
1177,2012,PA,LEBANON,42,75,42075,Heroin,78,917,78577
1178,2012,PA,LEBANON,42,75,42075,Methadone,3,917,78577
1179,2012,PA,LEHIGH,42,77,42077,Buprenorphine,5,1215,78577
1180,2012,PA,LEHIGH,42,77,42077,Codeine,4,1215,78577
1181,2012,PA,LEHIGH,42,77,42077,Hydrocodone,13,1215,78577
1182,2012,PA,LEHIGH,42,77,42077,Morphine,3,1215,78577
1183,2012,PA,LUZERNE,42,79,42079,Methadone,4,1678,78577
1184,2012,PA,MCKEAN,42,83,42083,Heroin,1,234,78577
1185,2012,PA,MCKEAN,42,83,42083,Oxycodone,3,234,78577
1186,2012,PA,MERCER,42,85,42085,Hydrocodone,12,443,78577
1187,2012,PA,MIFFLIN,42,87,42087,Fentanyl,1,170,78577
1188,2012,PA,MIFFLIN,42,87,42087,Heroin,12,170,78577
1189,2012,PA,ARMSTRONG,42,5,42005,Buprenorphine,5,290,78577
1190,2012,PA,BEDFORD,42,9,42009,Heroin,27,205,78577
1191,2012,PA,BERKS,42,11,42011,Buprenorphine,8,2463,78577
1192,2012,PA,BERKS,42,11,42011,Hydrocodone,20,2463,78577
1193,2012,PA,BUCKS,42,17,42017,Meperidine,1,4915,78577
1194,2012,PA,BUTLER,42,19,42019,Heroin,70,349,78577
1195,2012,PA,BUTLER,42,19,42019,Methadone,1,349,78577
1196,2012,PA,CAMBRIA,42,21,42021,Heroin,110,572,78577
1197,2012,PA,CAMBRIA,42,21,42021,Hydromorphone,3,572,78577
1198,2012,PA,CAMBRIA,42,21,42021,Methadone,5,572,78577
1199,2012,PA,CARBON,42,25,42025,Oxycodone,8,277,78577
1200,2012,PA,CHESTER,42,29,42029,Tramadol,5,1499,78577
1201,2012,PA,CLARION,42,31,42031,Methadone,2,174,78577
1202,2012,PA,CRAWFORD,42,39,42039,Oxycodone,21,368,78577
1203,2012,PA,DAUPHIN,42,43,42043,Hydrocodone,18,2039,78577
1204,2012,PA,DAUPHIN,42,43,42043,Oxycodone,42,2039,78577
1205,2012,PA,DAUPHIN,42,43,42043,Oxymorphone,3,2039,78577
1206,2012,PA,DAUPHIN,42,43,42043,Tramadol,3,2039,78577
1207,2012,PA,DELAWARE,42,45,42045,Codeine,18,4576,78577
1208,2012,PA,FAYETTE,42,51,42051,Fentanyl,2,901,78577
1209,2012,PA,FAYETTE,42,51,42051,Oxycodone,40,901,78577
1210,2012,PA,FAYETTE,42,51,42051,Oxymorphone,8,901,78577
1211,2012,PA,FRANKLIN,42,55,42055,Fentanyl,1,565,78577
1212,2012,PA,FRANKLIN,42,55,42055,Oxycodone,49,565,78577
1213,2012,PA,FRANKLIN,42,55,42055,Oxymorphone,1,565,78577
1214,2012,PA,ALLEGHENY,42,3,42003,Propoxyphene,4,8196,78577
1215,2012,PA,ARMSTRONG,42,5,42005,Hydrocodone,8,290,78577
1216,2012,PA,ARMSTRONG,42,5,42005,Tramadol,1,290,78577
1217,2012,PA,BEAVER,42,7,42007,Hydrocodone,9,631,78577
1218,2012,PA,BEAVER,42,7,42007,Tramadol,3,631,78577
1219,2012,PA,BEDFORD,42,9,42009,Morphine,1,205,78577
1220,2012,PA,BERKS,42,11,42011,Mitragynine,3,2463,78577
1221,2012,PA,BLAIR,42,13,42013,Fentanyl,2,574,78577
1222,2012,PA,BLAIR,42,13,42013,Hydrocodone,14,574,78577
1223,2012,PA,BRADFORD,42,15,42015,Buprenorphine,4,339,78577
1224,2012,PA,BUCKS,42,17,42017,Hydrocodone,30,4915,78577
1225,2012,PA,BUCKS,42,17,42017,Tramadol,6,4915,78577
1226,2012,PA,CARBON,42,25,42025,Buprenorphine,7,277,78577
1227,2012,PA,CENTRE,42,27,42027,Morphine,1,479,78577
1228,2012,PA,CHESTER,42,29,42029,Hydromorphone,1,1499,78577
1229,2012,PA,CHESTER,42,29,42029,Methadone,10,1499,78577
1230,2012,PA,CLARION,42,31,42031,Oxycodone,8,174,78577
1231,2012,PA,CLEARFIELD,42,33,42033,Heroin,8,140,78577
1232,2012,PA,CLEARFIELD,42,33,42033,Hydrocodone,4,140,78577
1233,2012,PA,CLINTON,42,35,42035,Heroin,6,140,78577
1234,2012,PA,COLUMBIA,42,37,42037,Oxycodone,2,408,78577
1235,2012,PA,CRAWFORD,42,39,42039,Buprenorphine,4,368,78577
1236,2012,PA,CUMBERLAND,42,41,42041,Buprenorphine,3,291,78577
1237,2012,PA,DAUPHIN,42,43,42043,Buprenorphine,18,2039,78577
1238,2012,PA,DELAWARE,42,45,42045,Fentanyl,5,4576,78577
1239,2012,PA,DELAWARE,42,45,42045,Hydromorphone,4,4576,78577
1240,2012,PA,DELAWARE,42,45,42045,Morphine,20,4576,78577
1241,2012,PA,ELK,42,47,42047,Buprenorphine,8,109,78577
1242,2012,PA,ERIE,42,49,42049,Hydrocodone,36,1463,78577
1243,2012,PA,ERIE,42,49,42049,Tramadol,4,1463,78577
1244,2012,PA,DAUPHIN,42,43,42043,Heroin,264,2039,78577
1245,2012,PA,DAUPHIN,42,43,42043,Methadone,7,2039,78577
1246,2012,PA,DAUPHIN,42,43,42043,Pethidine,1,2039,78577
1247,2012,PA,DELAWARE,42,45,42045,Heroin,539,4576,78577
1248,2012,PA,ELK,42,47,42047,Hydrocodone,2,109,78577
1249,2012,PA,ERIE,42,49,42049,Buprenorphine,24,1463,78577
1250,2012,PA,FAYETTE,42,51,42051,Buprenorphine,28,901,78577
1251,2012,PA,FAYETTE,42,51,42051,Morphine,7,901,78577
1252,2012,PA,FRANKLIN,42,55,42055,Buprenorphine,16,565,78577
1253,2012,PA,FRANKLIN,42,55,42055,Morphine,4,565,78577
1254,2012,PA,GREENE,42,59,42059,Hydromorphone,1,128,78577
1255,2012,PA,INDIANA,42,63,42063,Buprenorphine,5,322,78577
1256,2012,PA,JEFFERSON,42,65,42065,Hydrocodone,3,219,78577
1257,2012,PA,JEFFERSON,42,65,42065,Methadone,2,219,78577
1258,2012,PA,JEFFERSON,42,65,42065,Tramadol,3,219,78577
1259,2012,PA,JUNIATA,42,67,42067,Heroin,18,92,78577
1260,2012,PA,GREENE,42,59,42059,Oxycodone,20,128,78577
1261,2012,PA,HUNTINGDON,42,61,42061,Oxycodone,5,145,78577
1262,2012,PA,INDIANA,42,63,42063,Hydrocodone,5,322,78577
1263,2012,PA,INDIANA,42,63,42063,Tramadol,2,322,78577
1264,2012,PA,JEFFERSON,42,65,42065,Buprenorphine,6,219,78577
1265,2012,PA,JUNIATA,42,67,42067,Fentanyl,1,92,78577
1266,2012,PA,JUNIATA,42,67,42067,Morphine,1,92,78577
1267,2012,PA,LAWRENCE,42,73,42073,Codeine,1,296,78577
1268,2012,PA,LEBANON,42,75,42075,Hydromorphone,2,917,78577
1269,2012,PA,LEHIGH,42,77,42077,Mitragynine,1,1215,78577
1270,2012,PA,LUZERNE,42,79,42079,Heroin,435,1678,78577
1271,2012,PA,LYCOMING,42,81,42081,Buprenorphine,2,593,78577
1272,2012,PA,FAYETTE,42,51,42051,Codeine,2,901,78577
1273,2012,PA,FRANKLIN,42,55,42055,Codeine,1,565,78577
1274,2012,PA,FRANKLIN,42,55,42055,Methadone,4,565,78577
1275,2012,PA,GREENE,42,59,42059,Heroin,9,128,78577
1276,2012,PA,HUNTINGDON,42,61,42061,Heroin,53,145,78577
1277,2012,PA,JEFFERSON,42,65,42065,Morphine,3,219,78577
1278,2012,PA,JUNIATA,42,67,42067,Buprenorphine,6,92,78577
1279,2012,PA,LANCASTER,42,71,42071,Buprenorphine,8,1693,78577
1280,2012,PA,LAWRENCE,42,73,42073,Heroin,38,296,78577
1281,2012,PA,LAWRENCE,42,73,42073,Hydrocodone,7,296,78577
1282,2012,PA,LAWRENCE,42,73,42073,Oxycodone,42,296,78577
1283,2012,PA,LAWRENCE,42,73,42073,Oxymorphone,1,296,78577
1284,2012,PA,LEBANON,42,75,42075,Tramadol,3,917,78577
1285,2012,PA,LEHIGH,42,77,42077,Methadone,1,1215,78577
1286,2012,PA,FULTON,42,57,42057,Heroin,3,34,78577
1287,2012,PA,LACKAWANNA,42,69,42069,Heroin,374,864,78577
1288,2012,PA,LUZERNE,42,79,42079,Oxycodone,17,1678,78577
1289,2012,PA,GREENE,42,59,42059,Hydrocodone,3,128,78577
1290,2012,PA,HUNTINGDON,42,61,42061,Hydrocodone,3,145,78577
1291,2012,PA,HUNTINGDON,42,61,42061,Morphine,1,145,78577
1292,2012,PA,INDIANA,42,63,42063,Oxycodone,6,322,78577
1293,2012,PA,INDIANA,42,63,42063,Oxymorphone,6,322,78577
1294,2012,PA,JEFFERSON,42,65,42065,Heroin,36,219,78577
1295,2012,PA,JEFFERSON,42,65,42065,Propoxyphene,1,219,78577
1296,2012,PA,JUNIATA,42,67,42067,Hydrocodone,2,92,78577
1297,2012,PA,LACKAWANNA,42,69,42069,Buprenorphine,11,864,78577
1298,2012,PA,LANCASTER,42,71,42071,Oxymorphone,1,1693,78577
1299,2012,PA,LEBANON,42,75,42075,Buprenorphine,11,917,78577
1300,2012,PA,LEBANON,42,75,42075,Hydrocodone,19,917,78577
1301,2012,PA,LEHIGH,42,77,42077,Tramadol,1,1215,78577
1302,2012,PA,LUZERNE,42,79,42079,Buprenorphine,15,1678,78577
1303,2012,PA,JUNIATA,42,67,42067,Oxycodone,5,92,78577
1304,2012,PA,LANCASTER,42,71,42071,Oxycodone,45,1693,78577
1305,2012,PA,LAWRENCE,42,73,42073,Tramadol,2,296,78577
1306,2012,PA,LEHIGH,42,77,42077,Heroin,211,1215,78577
1307,2012,PA,LUZERNE,42,79,42079,Morphine,7,1678,78577
1308,2012,PA,LUZERNE,42,79,42079,Tramadol,4,1678,78577
1309,2012,PA,LYCOMING,42,81,42081,Codeine,1,593,78577
1310,2012,PA,MERCER,42,85,42085,Buprenorphine,3,443,78577
1311,2012,PA,MERCER,42,85,42085,Morphine,7,443,78577
1312,2012,PA,MIFFLIN,42,87,42087,Hydrocodone,3,170,78577
1313,2012,PA,MIFFLIN,42,87,42087,Tramadol,2,170,78577
1314,2012,PA,MONROE,42,89,42089,Morphine,5,983,78577
1315,2012,PA,NORTHAMPTON,42,95,42095,Buprenorphine,2,1049,78577
1316,2012,PA,NORTHAMPTON,42,95,42095,Morphine,4,1049,78577
1317,2012,PA,NORTHAMPTON,42,95,42095,Tramadol,1,1049,78577
1318,2012,PA,NORTHUMBERLAND,42,97,42097,Codeine,1,320,78577
1319,2012,PA,NORTHUMBERLAND,42,97,42097,Hydrocodone,4,320,78577
1320,2012,PA,NORTHUMBERLAND,42,97,42097,Oxycodone,16,320,78577
1321,2012,PA,PHILADELPHIA,42,101,42101,Codeine,150,25279,78577
1322,2012,PA,PHILADELPHIA,42,101,42101,Hydrocodone,147,25279,78577
1323,2012,PA,PHILADELPHIA,42,101,42101,Methadone,87,25279,78577
1324,2012,PA,FRANKLIN,42,55,42055,Tramadol,2,565,78577
1325,2012,PA,GREENE,42,59,42059,Buprenorphine,3,128,78577
1326,2012,PA,GREENE,42,59,42059,Codeine,1,128,78577
1327,2012,PA,HUNTINGDON,42,61,42061,Buprenorphine,2,145,78577
1328,2012,PA,INDIANA,42,63,42063,Heroin,47,322,78577
1329,2012,PA,JEFFERSON,42,65,42065,Oxycodone,10,219,78577
1330,2012,PA,LACKAWANNA,42,69,42069,Morphine,4,864,78577
1331,2012,PA,LANCASTER,42,71,42071,Fentanyl,1,1693,78577
1332,2012,PA,LANCASTER,42,71,42071,Heroin,375,1693,78577
1333,2012,PA,LANCASTER,42,71,42071,Tramadol,3,1693,78577
1334,2012,PA,LAWRENCE,42,73,42073,Methadone,4,296,78577
1335,2012,PA,LEBANON,42,75,42075,Codeine,2,917,78577
1336,2012,PA,LEBANON,42,75,42075,Morphine,5,917,78577
1337,2012,PA,LUZERNE,42,79,42079,Hydrocodone,21,1678,78577
1338,2012,PA,LYCOMING,42,81,42081,Hydrocodone,7,593,78577
1339,2012,PA,LYCOMING,42,81,42081,Oxycodone,12,593,78577
1340,2012,PA,LYCOMING,42,81,42081,Tramadol,1,593,78577
1341,2012,PA,MCKEAN,42,83,42083,Buprenorphine,4,234,78577
1342,2012,PA,MERCER,42,85,42085,Oxymorphone,1,443,78577
1343,2012,PA,MIFFLIN,42,87,42087,Oxycodone,8,170,78577
1344,2012,PA,MONTGOMERY,42,91,42091,Methadone,2,398,78577
1345,2012,PA,NORTHAMPTON,42,95,42095,Hydromorphone,1,1049,78577
1346,2012,PA,NORTHUMBERLAND,42,97,42097,Morphine,2,320,78577
1347,2012,PA,PERRY,42,99,42099,Heroin,22,327,78577
1348,2012,PA,PHILADELPHIA,42,101,42101,Hydromorphone,2,25279,78577
1349,2012,PA,PHILADELPHIA,42,101,42101,Meperidine,1,25279,78577
1350,2012,PA,SCHUYLKILL,42,107,42107,Fentanyl,1,837,78577
1351,2012,PA,SCHUYLKILL,42,107,42107,Heroin,98,837,78577
1352,2012,PA,SCHUYLKILL,42,107,42107,Methadone,2,837,78577
1353,2012,PA,SCHUYLKILL,42,107,42107,Mitragynine,1,837,78577
1354,2012,PA,SULLIVAN,42,113,42113,Heroin,2,23,78577
1355,2012,PA,SUSQUEHANNA,42,115,42115,Heroin,32,223,78577
1356,2012,PA,SUSQUEHANNA,42,115,42115,Methadone,2,223,78577
1357,2012,PA,LUZERNE,42,79,42079,Oxymorphone,3,1678,78577
1358,2012,PA,MCKEAN,42,83,42083,Hydromorphone,3,234,78577
1359,2012,PA,MCKEAN,42,83,42083,Methadone,1,234,78577
1360,2012,PA,MONROE,42,89,42089,Heroin,75,983,78577
1361,2012,PA,MONROE,42,89,42089,Methadone,4,983,78577
1362,2012,PA,MONTGOMERY,42,91,42091,Heroin,63,398,78577
1363,2012,PA,MONTGOMERY,42,91,42091,Propoxyphene,1,398,78577
1364,2012,PA,NORTHAMPTON,42,95,42095,Hydrocodone,7,1049,78577
1365,2012,PA,NORTHUMBERLAND,42,97,42097,Buprenorphine,14,320,78577
1366,2012,PA,PERRY,42,99,42099,Hydrocodone,16,327,78577
1367,2012,PA,PERRY,42,99,42099,Tramadol,2,327,78577
1368,2012,PA,PHILADELPHIA,42,101,42101,Buprenorphine,149,25279,78577
1369,2012,PA,PIKE,42,103,42103,Buprenorphine,1,149,78577
1370,2012,PA,SCHUYLKILL,42,107,42107,Codeine,3,837,78577
1371,2012,PA,SOMERSET,42,111,42111,Hydromorphone,1,170,78577
1372,2012,PA,MONTOUR,42,93,42093,Buprenorphine,2,76,78577
1373,2012,PA,NORTHAMPTON,42,95,42095,Methadone,1,1049,78577
1374,2012,PA,NORTHUMBERLAND,42,97,42097,Fentanyl,3,320,78577
1375,2012,PA,NORTHUMBERLAND,42,97,42097,Heroin,45,320,78577
1376,2012,PA,NORTHUMBERLAND,42,97,42097,Propoxyphene,1,320,78577
1377,2012,PA,PERRY,42,99,42099,Oxycodone,14,327,78577
1378,2012,PA,PERRY,42,99,42099,Oxymorphone,1,327,78577
1379,2012,PA,POTTER,42,105,42105,Buprenorphine,5,170,78577
1380,2012,PA,POTTER,42,105,42105,Hydrocodone,6,170,78577
1381,2012,PA,SCHUYLKILL,42,107,42107,Oxycodone,45,837,78577
1382,2012,PA,SCHUYLKILL,42,107,42107,Oxymorphone,1,837,78577
1383,2012,PA,SULLIVAN,42,113,42113,Oxycodone,1,23,78577
1384,2012,PA,SUSQUEHANNA,42,115,42115,Oxycodone,9,223,78577
1385,2012,PA,MCKEAN,42,83,42083,Hydrocodone,6,234,78577
1386,2012,PA,MERCER,42,85,42085,Heroin,50,443,78577
1387,2012,PA,MERCER,42,85,42085,Oxycodone,19,443,78577
1388,2012,PA,MIFFLIN,42,87,42087,Buprenorphine,8,170,78577
1389,2012,PA,MONROE,42,89,42089,Codeine,1,983,78577
1390,2012,PA,MONROE,42,89,42089,Oxycodone,74,983,78577
1391,2012,PA,MONROE,42,89,42089,Oxymorphone,5,983,78577
1392,2012,PA,MONTGOMERY,42,91,42091,Oxycodone,17,398,78577
1393,2012,PA,MONTOUR,42,93,42093,Oxycodone,2,76,78577
1394,2012,PA,NORTHUMBERLAND,42,97,42097,Tramadol,1,320,78577
1395,2012,PA,PHILADELPHIA,42,101,42101,Morphine,45,25279,78577
1396,2012,PA,POTTER,42,105,42105,Fentanyl,2,170,78577
1397,2012,PA,POTTER,42,105,42105,Morphine,4,170,78577
1398,2012,PA,SCHUYLKILL,42,107,42107,Hydrocodone,29,837,78577
1399,2012,PA,SCHUYLKILL,42,107,42107,Tramadol,4,837,78577
1400,2012,PA,SNYDER,42,109,42109,Hydrocodone,2,119,78577
1401,2012,PA,UNION,42,119,42119,Hydrocodone,6,66,78577
1402,2012,PA,MERCER,42,85,42085,Methadone,4,443,78577
1403,2012,PA,MIFFLIN,42,87,42087,Morphine,3,170,78577
1404,2012,PA,MONROE,42,89,42089,Hydrocodone,8,983,78577
1405,2012,PA,MONROE,42,89,42089,Tramadol,1,983,78577
1406,2012,PA,MONTGOMERY,42,91,42091,Hydrocodone,2,398,78577
1407,2012,PA,MONTGOMERY,42,91,42091,Morphine,1,398,78577
1408,2012,PA,MONTOUR,42,93,42093,Heroin,7,76,78577
1409,2012,PA,NORTHAMPTON,42,95,42095,Heroin,205,1049,78577
1410,2012,PA,PHILADELPHIA,42,101,42101,Oxymorphone,4,25279,78577
1411,2012,PA,PIKE,42,103,42103,Oxycodone,6,149,78577
1412,2012,PA,SCHUYLKILL,42,107,42107,Hydromorphone,1,837,78577
1413,2012,PA,LACKAWANNA,42,69,42069,Hydrocodone,7,864,78577
1414,2012,PA,LANCASTER,42,71,42071,Codeine,2,1693,78577
1415,2012,PA,LANCASTER,42,71,42071,Hydrocodone,16,1693,78577
1416,2012,PA,LANCASTER,42,71,42071,Methadone,1,1693,78577
1417,2012,PA,LEBANON,42,75,42075,Oxycodone,18,917,78577
1418,2012,PA,LEHIGH,42,77,42077,Oxycodone,23,1215,78577
1419,2012,PA,LUZERNE,42,79,42079,Hydromorphone,2,1678,78577
1420,2012,PA,LYCOMING,42,81,42081,Heroin,110,593,78577
1421,2012,PA,MCKEAN,42,83,42083,Morphine,7,234,78577
1422,2012,PA,MERCER,42,85,42085,Tramadol,1,443,78577
1423,2012,PA,MONROE,42,89,42089,Fentanyl,2,983,78577
1424,2012,PA,NORTHUMBERLAND,42,97,42097,Methadone,4,320,78577
1425,2012,PA,PERRY,42,99,42099,Buprenorphine,3,327,78577
1426,2012,PA,PHILADELPHIA,42,101,42101,Oxycodone,1479,25279,78577
1427,2012,PA,PIKE,42,103,42103,Heroin,26,149,78577
1428,2012,PA,POTTER,42,105,42105,Oxycodone,7,170,78577
1429,2012,PA,POTTER,42,105,42105,Oxymorphone,3,170,78577
1430,2012,PA,WARREN,42,123,42123,Heroin,1,146,78577
1431,2012,PA,WARREN,42,123,42123,Methadone,6,146,78577
1432,2012,PA,WASHINGTON,42,125,42125,Methadone,7,945,78577
1433,2012,PA,WAYNE,42,127,42127,Hydrocodone,12,140,78577
1434,2012,PA,WESTMORELAND,42,129,42129,Oxycodone,62,1634,78577
1435,2012,PA,WESTMORELAND,42,129,42129,Oxymorphone,3,1634,78577
1436,2012,PA,WYOMING,42,131,42131,Hydromorphone,1,131,78577
1437,2012,PA,YORK,42,133,42133,Buprenorphine,34,3574,78577
1438,2012,PA,YORK,42,133,42133,Codeine,3,3574,78577
1439,2012,PA,YORK,42,133,42133,Hydrocodone,39,3574,78577
1440,2012,PA,YORK,42,133,42133,Morphine,18,3574,78577
1455,2012,PA,VENANGO,42,121,42121,Hydrocodone,5,378,78577
1456,2012,PA,VENANGO,42,121,42121,Methadone,2,378,78577
1457,2012,PA,WARREN,42,123,42123,Buprenorphine,10,146,78577
1458,2012,PA,WASHINGTON,42,125,42125,Codeine,1,945,78577
1459,2012,PA,WASHINGTON,42,125,42125,Oxycodone,29,945,78577
1460,2012,PA,WASHINGTON,42,125,42125,Oxymorphone,14,945,78577
1461,2012,PA,WAYNE,42,127,42127,Heroin,29,140,78577
1462,2012,PA,WYOMING,42,131,42131,Buprenorphine,5,131,78577
1463,2012,PA,YORK,42,133,42133,Hydromorphone,2,3574,78577
1464,2012,PA,YORK,42,133,42133,Methadone,16,3574,78577
1478,2012,PA,SUSQUEHANNA,42,115,42115,Hydrocodone,1,223,78577
1479,2012,PA,VENANGO,42,121,42121,Codeine,1,378,78577
1480,2012,PA,WARREN,42,123,42123,Morphine,5,146,78577
1481,2012,PA,WASHINGTON,42,125,42125,Heroin,161,945,78577
1482,2012,PA,WAYNE,42,127,42127,Oxycodone,8,140,78577
1483,2012,PA,WESTMORELAND,42,129,42129,Fentanyl,3,1634,78577
1484,2012,PA,WESTMORELAND,42,129,42129,Hydrocodone,21,1634,78577
1501,2012,PA,SNYDER,42,109,42109,Oxycodone,5,119,78577
1502,2012,PA,TIOGA,42,117,42117,Fentanyl,1,135,78577
1503,2012,PA,UNION,42,119,42119,Oxycodone,4,66,78577
1504,2012,PA,UNION,42,119,42119,Oxymorphone,1,66,78577
1505,2012,PA,VENANGO,42,121,42121,Oxycodone,13,378,78577
1506,2012,PA,VENANGO,42,121,42121,Oxymorphone,1,378,78577
1507,2012,PA,WARREN,42,123,42123,Codeine,1,146,78577
1508,2012,PA,WASHINGTON,42,125,42125,Hydrocodone,15,945,78577
1509,2012,PA,WASHINGTON,42,125,42125,Tramadol,3,945,78577
1510,2012,PA,WAYNE,42,127,42127,Methadone,1,140,78577
1511,2012,PA,WESTMORELAND,42,129,42129,Codeine,1,1634,78577
1512,2012,PA,WYOMING,42,131,42131,Fentanyl,1,131,78577
1513,2012,PA,WYOMING,42,131,42131,Heroin,17,131,78577
1514,2012,PA,WYOMING,42,131,42131,Tramadol,1,131,78577
1515,2012,PA,YORK,42,133,42133,Oxycodone,90,3574,78577
1525,2012,PA,POTTER,42,105,42105,Heroin,12,170,78577
1526,2012,PA,SCHUYLKILL,42,107,42107,Propoxyphene,3,837,78577
1527,2012,PA,SNYDER,42,109,42109,Buprenorphine,1,119,78577
1528,2012,PA,SNYDER,42,109,42109,Morphine,1,119,78577
1529,2012,PA,SOMERSET,42,111,42111,Heroin,19,170,78577
1530,2012,PA,UNION,42,119,42119,Buprenorphine,1,66,78577
1531,2012,PA,WARREN,42,123,42123,Fentanyl,1,146,78577
1532,2012,PA,WESTMORELAND,42,129,42129,Buprenorphine,21,1634,78577
1533,2012,PA,WESTMORELAND,42,129,42129,Morphine,20,1634,78577
1534,2012,PA,WYOMING,42,131,42131,Hydrocodone,3,131,78577
1535,2012,PA,WYOMING,42,131,42131,Methadone,1,131,78577
1536,2012,PA,YORK,42,133,42133,Oxymorphone,6,3574,78577
1544,2012,PA,SCHUYLKILL,42,107,42107,Buprenorphine,11,837,78577
1545,2012,PA,SCHUYLKILL,42,107,42107,Morphine,3,837,78577
1546,2012,PA,SOMERSET,42,111,42111,Oxycodone,9,170,78577
1547,2012,PA,SULLIVAN,42,113,42113,Hydrocodone,2,23,78577
1548,2012,PA,SULLIVAN,42,113,42113,Hydromorphone,2,23,78577
1549,2012,PA,SUSQUEHANNA,42,115,42115,Buprenorphine,1,223,78577
1550,2012,PA,VENANGO,42,121,42121,Buprenorphine,3,378,78577
1551,2012,PA,VENANGO,42,121,42121,Morphine,4,378,78577
1552,2012,PA,WASHINGTON,42,125,42125,Buprenorphine,17,945,78577
1553,2012,PA,WASHINGTON,42,125,42125,Morphine,2,945,78577
1554,2012,PA,WAYNE,42,127,42127,Morphine,7,140,78577
1555,2012,PA,WESTMORELAND,42,129,42129,Propoxyphene,1,1634,78577
1556,2012,PA,WYOMING,42,131,42131,Oxycodone,10,131,78577
1557,2012,PA,YORK,42,133,42133,Heroin,491,3574,78577
1561,2012,PA,MONROE,42,89,42089,Buprenorphine,6,983,78577
1562,2012,PA,MONTGOMERY,42,91,42091,Buprenorphine,11,398,78577
1563,2012,PA,NORTHAMPTON,42,95,42095,Oxycodone,24,1049,78577
1564,2012,PA,NORTHUMBERLAND,42,97,42097,Hydromorphone,2,320,78577
1565,2012,PA,PERRY,42,99,42099,Codeine,3,327,78577
1566,2012,PA,PERRY,42,99,42099,Morphine,5,327,78577
1567,2012,PA,PHILADELPHIA,42,101,42101,Acetyldihydrocodeine,1,25279,78577
1568,2012,PA,PHILADELPHIA,42,101,42101,Fentanyl,6,25279,78577
1569,2012,PA,PHILADELPHIA,42,101,42101,Heroin,3659,25279,78577
1570,2012,PA,SNYDER,42,109,42109,Heroin,14,119,78577
1571,2012,PA,SOMERSET,42,111,42111,Buprenorphine,2,170,78577
1572,2012,PA,SOMERSET,42,111,42111,Hydrocodone,1,170,78577
1573,2012,PA,SUSQUEHANNA,42,115,42115,Morphine,2,223,78577
1574,2012,PA,TIOGA,42,117,42117,Heroin,5,135,78577
1575,2012,PA,TIOGA,42,117,42117,Oxycodone,2,135,78577
1576,2012,PA,UNION,42,119,42119,Heroin,6,66,78577
1577,2012,PA,VENANGO,42,121,42121,Heroin,35,378,78577
1578,2012,PA,WARREN,42,123,42123,Hydrocodone,8,146,78577
1579,2012,PA,YORK,42,133,42133,Tramadol,6,3574,78577
1613,2012,PA,UNION,42,119,42119,Morphine,5,66,78577
1614,2012,PA,VENANGO,42,121,42121,Hydromorphone,3,378,78577
1615,2012,PA,WARREN,42,123,42123,Oxycodone,7,146,78577
1616,2012,PA,WARREN,42,123,42123,Oxymorphone,1,146,78577
1617,2012,PA,WARREN,42,123,42123,Pentazocine,1,146,78577
1618,2012,PA,WESTMORELAND,42,129,42129,Heroin,364,1634,78577
1619,2012,PA,WESTMORELAND,42,129,42129,Methadone,6,1634,78577
